{
    "width": 960,
    "height": 540,
    "K": [
        373.3821716308594,
        0.0,
        484.57965087890625,
        0.0,
        373.3821716308594,
        271.9756164550781,
        0.0,
        0.0,
        1.0
    ],
    "D": [
        0.0,
        0.0,
        0.0,
        0.0,
        0.0,
        0.0,
        0.0,
        0.0
    ],
    "R": [
        1.0,
        0.0,
        0.0,
        0.0,
        1.0,
        0.0,
        0.0,
        0.0,
        1.0
    ],
    "P": [
        373.3821716308594,
        0.0,
        484.57965087890625,
        44.89301681518555,
        0.0,
        373.3821716308594,
        271.9756164550781,
        0.0,
        0.0,
        0.0,
        1.0,
        0.0
    ],
    "distortion_model": "rational_polynomial"
}
